{
    "Objects": [
        {
            "objectType": "Cube",
            "position": [
                0,
                3,
                0
            ],
            "rotation": [
                0,
                0,
                0
            ],
            "scale": [
                1.2000000476837158,
                1.2000000476837158,
                1.2000000476837158
            ]
        },
        {
            "objectType": "Skybox",
            "position": [
                -4.378979682922363,
                2.0162885189056396,
                3.7486572265625
            ],
            "rotation": [
                0,
                0,
                0
            ],
            "scale": [
                1,
                1,
                1
            ]
        },
        {
            "objectType": "Sphere",
            "position": [
                0,
                3,
                0
            ],
            "rotation": [
                0,
                0,
                0
            ],
            "scale": [
                1,
                1,
                1
            ]
        }
    ]
}
